{
  "?": 14.870622550917268,
  "A": 0.4170285263706779,
  "B": 0.9225575957364454,
  "C": 0.6095356158628346,
  "D": -0.16032849176955405,
  "E": 1.1648663819968836,
  "F": -5.8481836947739945,
  "G": -1.7393078601194942,
  "H": -1.4166081182935313,
  "I": -1.6622569398582832,
  "J": -2.7566835677226718,
  "K": -2.3055239674802794,
  "L": -1.3942154010675272,
  "M": 3.557053924964274,
  "N": 0.2356315588106711,
  "O": -0.6904138181464592,
  "P": 0.5226964471278001,
  "Q": 0.5429077516424134,
  "R": -1.4614095293565066,
  "S": 7.575220219289121,
  "T": -2.6401702533367644,
  "U": -4.5142611016604794,
  "V": -2.8540906967647035,
  "W": -7.4544358769849195,
  "X": 4.141863043367699,
  "Y": -1.0800493371007098,
  "Z": 2.980649230448029
}