{
  "?": 20.567663060605888,
  "A": -1.3173368361093254,
  "B": -0.1444372676692081,
  "C": 2.2233213196362964,
  "D": -0.27851620027132573,
  "E": -0.715698317081436,
  "F": -2.598296853346654,
  "G": -2.480771390624317,
  "H": -1.1282413547744294,
  "I": -0.43586504144744254,
  "J": -4.059842805619653,
  "K": 0.6382989347236514,
  "L": -1.1079559281712559,
  "M": 0.7643729440302284,
  "N": 0.9540578026097153,
  "O": -5.265162182872564,
  "P": 0.7566504625437297,
  "Q": -7.222562439024938,
  "R": -0.7591517447714359,
  "S": 8.957415807290978,
  "T": 1.1475939386411755,
  "U": -0.8243684255004555,
  "V": -6.240237346537995,
  "W": -3.5002287804904224,
  "X": 4.707736828040824,
  "Y": 2.1158962332588267,
  "Z": 4.692765620517741
}